"region","brains.average.rank","final.rank","G1.fMRI","T1T2ratio","Evolution.Expansion","CBF","AllometricScaling.PNC20mm","PET.AG","Externopyramidisation","Cortical.Thickness","PC1.AHBA","PC1.Neurosynth","regions_ColeAnt12","ColeAnticevicNetPartition","ColeAntNet_name","array_NetGroup","GeneExp_PC1","GeneExp_PC2","GeneExp_PC3","GeneExp_PC4","GeneExp_PC5"
"V1",29.3,2,-2.972374845,1.546116691,-1.726372488,59.0596163,0.798765536,-0.527573129,0.402074598,1.946323365,-16.17552037,5.313402818,"L_V1",1,"Visual1","Sensory",-2.12310967728943,1.73747582683012,-0.526222615812137,-0.608863621462518,-0.808322237334184
"MST",65.6,39,-4.104730087,1.498078728,0.425740897,65.50368981,1.215975892,-0.131118717,0.289589301,2.386512889,-4.576881218,-10.91652637,"L_MST",2,"Visual2","Sensory",-0.909986678950649,0.323839567966738,-0.805383220849668,0.0912624593633469,-0.487489190790914
"V6",49.9,17.5,-4.465321892,1.506699605,-1.23317759,56.30642427,1.069532266,-0.258507918,0.127838834,2.119732102,-12.95819324,1.154318187,"L_V6",2,"Visual2","Sensory",-1.71813506076,-0.546935304440367,-1.08476550854707,-0.523324042784613,0.357860362432737
"V2",30.4,3,-3.68021356,1.508880602,-1.404348526,59.30634295,0.867264414,-0.383811304,0.363391108,2.028844171,-14.21235625,1.154318187,"L_V2",2,"Visual2","Sensory",-1.82005779359032,1.27428722379376,-0.0875310467790416,-0.498900232803759,-1.27010895711928
"V3",36.2,4,-3.76028501,1.480787196,-1.184210078,58.10154586,0.953862267,-0.141583439,0.413851526,2.185817791,-13.49744777,1.154318187,"L_V3",2,"Visual2","Sensory",-1.49213005178654,1.07819755814696,-0.116828842682003,-0.318373573962799,-0.824249693923631
"V4",48.05,14,-3.996609343,1.458808479,-0.985882,56.8548388,1.055746886,-0.104993972,0.374659681,2.270075904,-7.817285816,9.472487448,"L_V4",2,"Visual2","Sensory",-1.41270194806149,0.623804196081689,-0.0318553820038026,0.1539445700129,-0.202596240109066
"V8",46.55,12,-4.249206165,1.43834413,-1.471324348,50.86276892,1.064896103,-0.346299975,0.534154983,2.647230513,-7.918726251,16.38000802,"L_V8",2,"Visual2","Sensory",-0.863195485604947,-0.746311328401713,-0.310990389441808,2.347514651238,-1.04917576458189
"4",46.8,13,-5.046522121,1.619256505,-0.292924653,54.27478921,0.913501367,0.02840871,0.199747375,2.714827562,-8.675091728,-26.29931758,"L_4",3,"Somatomotor","Sensory",-0.916957339776444,0.0913590550511854,0.710149516438244,0.889364473828503,1.66799482911031
"3b",44.5,7,-5.042306568,1.542989769,0.381761774,60.56327932,0.943518409,-0.075461203,0.185176394,1.77471346,-11.42885518,-26.29931758,"L_3b",3,"Somatomotor","Sensory",-1.47798832709017,-0.0258618782985683,0.13335455433375,0.585904986644773,0.688779681734505
"FEF",86.8,85,-2.514140036,1.379289414,0.473475374,69.12178123,0.957790569,0.218053631,0.133034564,2.59206866,0.522845308,-34.24741033,"L_FEF",4,"Cingulo-Opercular","Transition",0.159549471398379,0.401928151714404,1.75416263994318,0.834282163002794,1.62045604083722
"PEF",104.1,117,-1.490084826,1.333456301,0.328800611,71.63632261,1.182336384,0.437201659,0.159482344,2.547461434,-1.360551369,-18.16523946,"L_PEF",5,"Dorsal-attention","Transition",-0.0726895841677284,-1.8749218493904,1.26366848667379,2.58557738629696,2.46751568852662
"55b",103.3,114.5,0.339662595,1.327031631,0.352634066,73.80805539,0.945761494,0.36140819,0.110952003,2.782218596,-1.770786318,-25.45244708,"L_55b",6,"Language","Transition",-0.338544162422932,-0.774559916742559,2.0536335957342,1.39570320253034,1.4877724175301
"V3A",45.55,9,-4.445568351,1.495011318,-0.815179573,59.02908699,0.989900153,-0.087938621,0.246919662,2.116969061,-12.80032321,9.472487448,"L_V3A",2,"Visual2","Sensory",-1.65396951450052,0.471016076092307,0.516359648592263,0.287907149583045,-0.147814355984406
"RSC",76.35,63,2.112520764,1.530769746,-0.424497868,59.40658947,0.900232266,0.346779427,0.159556193,2.220173347,-2.435055422,15.90270653,"L_RSC",7,"Frontoparietal","Transition",0.0649539785065707,0.484467999953044,1.87824061852904,1.49722754046497,-0.771576673332938
"POS2",89.45,89,2.699955953,1.392777109,-0.793220963,61.74554021,1.07893765,0.545591811,0.182412913,2.353252832,-8.459015843,30.65109486,"L_POS2",7,"Frontoparietal","Sensory",-0.916900587363458,0.422750052455409,0.949388953141708,-1.10003472087912,0.0613009380828941
"V7",58.8,26,-4.40788631,1.487759272,-0.370312222,58.71372977,1.132022026,0.221677494,0.194692369,2.255370215,-14.60482654,-7.024108335,"L_V7",2,"Visual2","Sensory",-1.37486763339212,1.36752223987146,1.25254029063949,0.0621870458236505,-0.579176683931631
"IPS1",57.4,24,-3.540225154,1.392684425,-0.554610606,57.25839256,1.066538877,0.327607129,0.249179755,2.213353659,-7.155812001,-12.46475727,"L_IPS1",2,"Visual2","Sensory",-1.82855271012827,-0.869982080479156,-0.736518182338161,-0.469522316996693,-0.332782813331814
"FFC",67.5,46,-2.967863044,1.360470332,-0.04108409,54.66642998,1.006039734,-0.365420853,0.752171587,2.831108957,-1.670216714,20.25503125,"L_FFC",2,"Visual2","Transition",-0.81820634924361,-0.0777885976329458,-0.535108935516056,0.914808890961668,-2.03362312981894
"V3B",49,15,-4.231006294,1.454751214,-0.475750962,55.98511528,1.118498962,0.12671229,0.362478934,2.218669691,-8.663214794,-2.06131302,"L_V3B",2,"Visual2","Sensory",-0.999743670175411,2.54319609049812,-0.450644657276338,0.448913092320434,1.09037394496241
"LO1",59.35,28,-4.141856543,1.420365624,-0.411190825,61.55334465,1.184759618,-0.112004375,0.305291802,2.318196767,-13.81189758,4.584548859,"L_LO1",2,"Visual2","Sensory",-2.08616475776732,-1.7029394829435,-0.668959871207031,-1.52594381505072,-2.31692417577381
"LO2",60.7,31,-4.034440005,1.393680712,-0.653367765,61.3322119,1.102720539,-0.007032377,0.466864341,2.629575435,-19.30229779,3.596187333,"L_LO2",2,"Visual2","Sensory",-1.65785196728675,0.253717671968207,0.37877655817744,-0.349750727597547,-0.513641722740178
"PIT",55.9,22,-3.958413729,1.381808308,-1.10822141,54.55415618,1.040278731,-0.168653421,0.444749275,2.640393229,-4.378544313,16.66468667,"L_PIT",2,"Visual2","Sensory",-2.29758697691741,1.7357208292472,0.614990398976691,-2.28524289232008,-0.651515153901465
"MT",69.2,52,-4.090590106,1.499507478,0.234013755,65.83505095,1.164871114,-0.226459255,0.264704348,2.443003515,0,-12.91631332,"L_MT",2,"Visual2","Transition",-0.673496399931233,3.32841253426117,-3.93534222577528,1.50205442272208,-0.0809037541006781
"A1",68.65,50,-3.761145464,1.747352905,0.468389245,83.93649567,1.058711681,-0.068826227,0.244600059,2.655938883,-11.00863871,-28.17119072,"L_A1",8,"Auditory","Sensory",-0.775033031173411,0.203731285555479,-1.51707376245987,-0.950171887496739,0.120900871539004
"PSL",92.8,96,-0.285388619,1.266078398,1.403843728,68.49900843,1.000076072,-0.275759547,0.228037063,2.789908807,-1.964466934,-23.31703146,"L_PSL",6,"Language","Transition",-0.421610629383577,-0.0954905105862241,0.309389965927982,1.30754833597071,-0.228662792057088
"SFL",124.3,154.5,3.460853846,1.208760714,0.823767841,56.51383499,1.04332043,0.594758959,0.045501647,2.943575633,1.205860636,1.154318187,"L_SFL",6,"Language","Transition",0.556645096219298,0.0587344190069769,1.05590454178558,0.413714064737204,2.3084171600805
"PCV",80.8,70,-0.799722693,1.291234498,0.055527439,61.00247498,1.058017004,-0.072394173,0.217889859,2.538323796,-2.671145465,1.154318187,"L_PCV",10,"Posterior-Multimodal","Transition",-0.629276652143279,-0.186108845865053,-0.52728323180127,-0.742873005613445,0.228266272426527
"STV",85.7,82.5,-1.038889266,1.315996154,1.116393933,69.4567488,1.019154912,-0.279658329,0.388735025,2.777543093,-1.890034859,-2.780644735,"L_STV",6,"Language","Transition",-0.343168562790187,-0.347070698286255,0.946480973999849,0.355262891266956,-0.464906203096653
"7Pm",83,74,2.6549768,1.278582992,-0.367161664,61.01543432,1.042576581,0.140476856,0.126450916,2.387170663,-9.681264244,-5.67454821,"L_7Pm",7,"Frontoparietal","Sensory",-1.1803634352745,0.00709565542331568,-0.541076233262748,0.711116914200918,-0.216196076522781
"7m",114.6,136,5.929411649,1.331810142,-0.499535943,65.13351032,1.186792509,0.225378932,0.108676197,2.645124899,-5.978950662,33.43413682,"L_7m",9,"Default","Sensory",-0.317582141299501,-0.448873597622942,-0.160172320904888,-0.0574907446804677,0.180905870917147
"POS1",91.8,94,3.352420805,1.381284518,-0.34335637,59.62308306,1.084888361,-0.029283965,0.239847021,2.738512014,-3.439856951,40.73560869,"L_POS1",9,"Default","Transition",-0.614880201781313,0.120828920141656,-0.0920024675498623,-0.812899892402697,-0.501648818021759
"23d",115.6,139,4.204714581,1.307838918,0.504547538,74.85747598,0.937700675,0.295810829,0.176013014,2.988938822,1.60439808,1.154318187,"L_23d",9,"Default","Transition",-0.390337791392075,-1.38741709940155,0.705659578933689,0.467904608669622,0.45076784783699
"v23ab",119.8,149,5.847326226,1.401965796,-0.267838357,66.6910069,1.111111822,0.177592517,0.127343904,2.891930518,-1.323582599,35.93054609,"L_v23ab",9,"Default","Transition",-0.198844367946448,-0.704579722963204,1.31475742763306,-0.784338218656742,-0.550886594860093
"d23ab",124.2,153,5.84778536,1.401504903,-0.09587334,78.75248684,1.057511039,0.57358985,0.185743122,3.152313645,-0.435055575,35.86070346,"L_d23ab",9,"Default","Transition",-0.121679563410681,0.359901901632421,0.516264655911427,1.97784787520371,-0.287807693767117
"31pv",113.4,134,6.176458757,1.336248005,-0.130731973,69.2446208,1.113478002,0.475700383,0.174129813,2.616394965,-5.893424163,19.97202228,"L_31pv",9,"Default","Sensory",-0.424497417305201,-0.0432228606544499,-0.111588896998144,0.289325866989436,-0.882816390187223
"5m",42.3,5,-5.224428415,1.472547999,0.003820125,48.25817399,0.826678869,-0.069795617,0.083421864,2.261135846,-10.04749756,-26.63544204,"L_5m",3,"Somatomotor","Sensory",-0.753154196776492,0.630257860305726,0.209487795343781,0.0959456634991901,0.721962084993066
"5mv",51.8,19,-3.97839372,1.299266312,0.248368988,46.30299489,0.862800155,-0.047889412,0.235236829,2.208743339,-6.806313439,1.154318187,"L_5mv",4,"Cingulo-Opercular","Sensory",-0.803847213780737,0.644708003097917,-1.2990761970566,1.25264877679023,0.157329493189841
"23c",79.5,68,-2.141789335,1.252193332,0.598666928,59.39915229,0.894926441,-0.112103231,0.222578934,2.473750106,0.890895847,1.154318187,"L_23c",4,"Cingulo-Opercular","Transition",0.0961808835129595,0.236218990701316,0.667302881927659,1.03785239188988,-0.445653413911428
"5L",60.6,30,-5.020228624,1.286240377,-0.168737033,45.92523366,1.008236227,0.003111802,0.129073592,2.175561277,-1.952552454,-23.42307528,"L_5L",3,"Somatomotor","Transition",-0.443048439954296,-0.374212379110998,-0.294489115264621,-0.865165660711651,0.70960905538056
"24dd",62.7,33,-5.185046141,1.44151492,0.816705756,52.39461748,0.879289791,-0.146138348,0.149613387,2.747962724,-1.584754819,-26.29931758,"L_24dd",3,"Somatomotor","Transition",-0.206677791399026,-0.482544253741028,0.656808946357427,0.736861060490946,0.88029048003175
"24dv",75.95,62,-4.710601094,1.302292062,1.187403503,52.85629469,1.029153295,-0.20640714,0.201596139,2.671700545,4.726901783,-29.51168435,"L_24dv",3,"Somatomotor","Association",1.0421911823921,-0.276135037548247,0.180835962963921,0.204879103316724,0.636140755516751
"7AL",69.9,54,-4.033635842,1.273317854,0.209768164,53.36471243,1.080647761,0.069460359,0.130688042,2.177858315,-4.006655784,-28.9646275,"L_7AL",3,"Somatomotor","Sensory",-0.300909201768938,-0.336119677514351,-0.210070771903805,0.115485493324778,0.440203887961658
"SCEF",104.3,118,-2.616674461,1.285971679,0.950716828,57.68584654,1.066106199,0.285619463,0.089745242,2.859771501,0.297869537,-26.53685838,"L_SCEF",4,"Cingulo-Opercular","Transition",0.329960407950844,0.0503918548449997,1.59922270594978,-0.341477207108698,1.62047079755342
"6ma",103.4,116,-1.490865317,1.233721999,0.592467942,53.00823219,1.043647702,0.506627747,0.166102381,2.708718362,1.038918506,1.154318187,"L_6ma",4,"Cingulo-Opercular","Transition",0.34796540413116,0.113749501658439,0.312064328209559,1.000245015887,1.71487991553169
"7Am",72.3,57,-1.964545976,1.241255163,-0.282622014,57.43023587,1.016560199,-0.088956621,0.172319568,2.35692358,-4.2285031,-5.108628492,"L_7Am",4,"Cingulo-Opercular","Sensory",-0.595742225127192,0.262447921747808,0.177492585399267,0.0673682774763968,0.0440732046589174
"7PL",61.2,32,-1.082045245,1.312521047,-0.520704126,59.72603963,0.91268496,0.26784663,0.246042682,2.30233811,-6.351193439,-16.151415,"L_7PL",5,"Dorsal-attention","Sensory",-0.449218224236173,0.688543460880666,0.882448655569728,-1.87337198971783,0.707951157202248
"7PC",64.3,36,-4.570985063,1.334758842,1.31939335,55.17671595,0.989644316,-0.108072981,0.152576967,2.32035532,-4.614233122,-32.93618128,"L_7PC",3,"Somatomotor","Sensory",-0.952085833834832,-0.437232214445074,0.314107073417522,0.433671712445668,-0.098033832796895
"LIPv",81,72.5,-3.871542389,1.420087327,1.566183503,61.46588851,1.141807549,0.094464529,0.135501144,2.189005072,-5.704959434,-29.09063952,"L_LIPv",2,"Visual2","Sensory",-0.766783771650251,0.679762762310622,0.641585480136237,-0.253773948431443,0.740936571962583
"VIP",69.3,53,-3.846190863,1.338807011,0.619310414,58.52936962,0.987873462,0.258114033,0.168846303,2.264843459,-5.473147126,-22.23674874,"L_VIP",2,"Visual2","Sensory",-0.710892478266442,-0.629213408907493,0.324293787684899,-0.0937486941889214,0.486782767501583
"MIP",73.2,59,-0.910968319,1.358643571,0.434380279,57.78441729,1.097034426,0.365215456,0.262867383,2.250103837,-4.380458611,-14.94083542,"L_MIP",5,"Dorsal-attention","Sensory",-1.03146259788421,-0.333074691619678,-2.0365377019053,2.1701786800877,0.529672864455275
"1",49.05,16,-5.244828921,1.443907533,0.670584758,52.64387264,0.971357083,0.080218584,0.178524626,2.28167113,-9.078681104,-29.51168435,"L_1",3,"Somatomotor","Sensory",-1.14817331478953,-0.589443049880031,0.594518626665091,0.83982819200425,0.745840344995955
"2",58,25,-5.141620656,1.372950756,1.063408396,55.75845594,1.065692732,-0.086048487,0.206390301,2.1490207,-2.926697227,-33.71977001,"L_2",3,"Somatomotor","Transition",-0.404381117144713,-0.012599811291782,-0.635457089332838,1.1673865238436,0.177551559843294
"3a",45.6,10,-4.977772156,1.553039401,0.097161012,56.90701786,0.988951637,0.021382541,0.17798547,1.9842642,-7.401215365,-26.29931758,"L_3a",3,"Somatomotor","Sensory",-1.24736667545758,1.08281918677851,-0.0185577306545779,1.09056490186555,0.918596664300815
"6d",46.4,11,-5.218333804,1.429493946,-0.35321614,58.24609603,0.861694437,0.196055642,0.32389906,2.818259215,-6.923811445,-33.71977001,"L_6d",3,"Somatomotor","Sensory",-0.451238170760429,-0.228711892319499,0.463986511523563,1.03498034595528,2.47888463935541
"6mp",56.8,23,-5.058044201,1.399763448,0.217010488,49.08509706,0.961429396,0.140634658,0.191479793,2.621255823,-3.022198009,-26.29931758,"L_6mp",3,"Somatomotor","Transition",0.0147294717235525,-0.582305025811635,-0.25115586455996,1.48815727779519,1.87589154380937
"6v",84.7,78,-4.155620995,1.3003061,-0.309915233,68.73259652,1.007155542,0.153971197,0.194048767,2.95391055,0.13943078,-33.71977001,"L_6v",3,"Somatomotor","Transition",0.245309100699823,-0.285952148515079,-0.611788781921185,-0.636496117383131,2.52487657168749
"p24pr",99.8,106,-2.6184304,1.17348748,0.840547826,64.36785978,0.92149405,-0.485833393,0.105852812,2.901209188,6.489524042,-32.3564771,"L_p24pr",4,"Cingulo-Opercular","Association",1.74156395355869,1.23243611964473,-1.03839299105629,0.380546062567808,2.09143530546589
"33pr",86.2,84,0.030577257,1.099204595,0.585081364,49.43572229,0.888007942,-0.323208508,0.101734945,2.316063968,10.34005797,-22.58209719,"L_33pr",4,"Cingulo-Opercular","Association",1.72963016006366,2.3668897466937,-0.570253562846872,2.81933961128703,1.45875815228651
"a24pr",106.4,120,-2.555705524,1.141324758,0.947093333,66.10714577,0.971675591,-0.237060949,0.19784916,3.035419491,11.49930504,-20.28943282,"L_a24pr",4,"Cingulo-Opercular","Association",2.01185176460811,-0.973563979415689,0.611060238168374,2.73690026735204,-0.22079654282611
"p32pr",104.5,119,-2.333168318,1.223635516,1.118652697,53.3061131,1.062647388,0.005704864,0.169947388,2.837993107,9.836965501,-18.88847677,"L_p32pr",4,"Cingulo-Opercular","Association",0.868027728656277,-0.759063329917617,-0.461547699733621,-2.12844157611973,1.41590595996992
"a24",139.2,177,4.738901309,1.100247786,0.604936275,60.39815879,1.156425945,-0.08426746,0.134719616,3.137868337,12.40959912,24.51642069,"L_a24",9,"Default","Association",1.77096610906634,-0.545912589579844,0.821829626113439,1.12767328566659,-1.10226235272761
"d32",129.2,166,4.979694786,1.181754927,1.04189866,54.72726068,1.101074305,0.347818448,0.146740484,3.011285847,7.420041589,-1.614807537,"L_d32",9,"Default","Association",1.01762629232836,0.0530785532851128,-0.114266696175145,0.943836079945114,0.259232095221849
"8BM",130.2,167,4.42519095,1.215447155,0.884212724,60.97764484,1.092740344,0.572590104,0.178993263,3.043634112,2.14529388,5.16854697,"L_8BM",7,"Frontoparietal","Transition",0.378528468435435,-0.932572643113955,0.499834010216467,0.0484621908322374,1.00984867340534
"p32",126.5,160,4.093168737,1.167166062,0.458971667,56.52196933,1.175585851,0.140531348,0.168694249,2.724460806,10.75163022,19.94026422,"L_p32",9,"Default","Association",2.05499885032231,-1.0630471417414,1.37157351458469,-1.04762911750028,-2.43149420563838
"10r",115.1,137,5.583165024,1.210054707,0.26933957,65.60394547,1.024213607,0.118801999,0.210955039,2.61342293,6.467823953,20.21736591,"L_10r",9,"Default","Association",0.831424343465864,-0.621356670962265,-0.766036920760079,-0.011144465908207,-0.372859531564119
"47m",112.6,129,4.503989118,1.383215265,0.922613596,77.09830649,0.96197304,0.421979193,0.223747877,2.723082069,-1.922118949,29.51260974,"L_47m",9,"Default","Transition",-0.434052903651158,0.690680013552857,-0.477641054255939,-1.79521112556261,0.522536994070591
"8Av",140.8,179,6.093618148,1.256405544,1.366006434,72.73271848,1.229305547,0.636745684,0.137200859,2.732538446,-0.153167137,1.154318187,"L_8Av",9,"Default","Transition",0.236927403846625,0.201457253762332,-0.784039717445891,-0.650242075809293,2.5722650064318
"8Ad",138.9,176,5.743521528,1.242983714,0.585763251,66.69593491,1.221805004,0.659934563,0.125536554,2.579925551,2.110156099,28.38251627,"L_8Ad",9,"Default","Transition",0.35537012399784,-0.742482621240275,-0.218400549385934,-1.42108912501928,1.10710111508674
"9m",137.5,175,6.248717644,1.16257272,0.57397801,58.42121251,1.120002596,0.243189319,0.138154186,2.887022813,5.245235446,25.22689521,"L_9m",9,"Default","Association",0.801060687856014,-0.933560084787997,0.0624834470889718,0.151677924107618,-0.366612132623186
"8BL",139.45,178,6.528720742,1.190529989,0.517823653,61.63205257,1.127041815,0.576115512,0.135402593,2.852952806,2.760459561,12.73740008,"L_8BL",9,"Default","Transition",0.453022641479456,-0.408479428202484,-0.145827491249482,0.0903273201118613,1.03929891615463
"9p",132.4,170,6.115798524,1.186311837,0.513103039,66.69411537,1.17055424,0.385945289,0.1650924,2.538482135,2.720565866,17.47815237,"L_9p",9,"Default","Transition",0.106130446779352,-0.82336655231209,-1.92929933277618,-0.0380068706242668,0.0246303293718132
"10d",124.7,156,6.241241285,1.188814687,0.486270873,60.24963606,1.145509763,0.411902706,0.138670344,2.554117582,3.986966534,1.154318187,"L_10d",9,"Default","Association",0.398703234564509,-0.444748562821478,-1.46456276873364,-1.92158207150575,0.367099696002957
"8C",133.4,172,5.250130163,1.291776599,1.025261348,70.75482037,1.219098926,0.754779661,0.149632833,2.591687331,-0.707705584,18.01697788,"L_8C",7,"Frontoparietal","Transition",-0.0118455556271944,-0.273221317970295,1.57452394067979,-0.263171875088384,0.732755368819082
"44",115.3,138,3.642548987,1.261437062,0.89356122,73.29573896,0.794916908,0.350508067,0.199540382,2.76029791,3.120753083,5.795062398,"L_44",6,"Language","Association",-0.234927662323983,-1.16254278135321,0.934895213484711,-0.212579355161806,0.174982107306553
"45",124.3,154.5,3.960216308,1.291641913,1.448775618,72.54466278,0.967161233,0.468124302,0.161112245,2.645843274,-0.156104431,20.53104909,"L_45",6,"Language","Transition",0.127755733385704,-0.563210192928334,1.18308742434307,-0.0579943205118948,0.857446948311342
"47l",128.4,163.5,5.717270463,1.248066942,1.503341463,74.43269887,0.965559625,0.289351774,0.201547327,2.755347823,0.269615399,22.66317878,"L_47l",9,"Default","Transition",-0.0239355599703956,-0.676483643413525,2.09322906662356,0.509178423319582,0.142965316532247
"a47r",132.5,171,5.699348875,1.203771451,1.436387556,73.54397104,0.994621206,0.455174449,0.145637687,2.669397218,1.718254711,1.154318187,"L_a47r",7,"Frontoparietal","Transition",0.296442100477296,-0.278456258812054,0.196821721045563,-0.00997886087434601,0.304985365191526
"6r",101.3,109,-1.202369247,1.254677244,0.248202234,73.6382722,1.020565975,0.204540568,0.189773245,2.704866612,2.281345158,-25.19287112,"L_6r",4,"Cingulo-Opercular","Transition",0.525135440297534,-0.533426949825591,0.81556562265581,-0.7863907891886,0.934576699175331
"IFJa",118.1,145,0.981543724,1.348879873,0.659813902,69.54805408,1.077604675,0.445637388,0.129374642,2.566178448,1.303940063,15.83520297,"L_IFJa",6,"Language","Transition",-0.00197060520820247,-0.680613568975185,0.199262212158796,-1.10953183301503,2.2169774646183
"IFJp",110.3,124,1.418288213,1.340812743,0.3657404,69.60343674,1.234959874,0.324178645,0.187661848,2.547014866,5.033623495,-4.637107853,"L_IFJp",7,"Frontoparietal","Association",0.526063077315068,-0.721506536760943,-0.622606238155513,-1.35611090664903,2.35487115888335
"IFSp",112.8,132,2.927724277,1.337703561,1.117337818,70.72945832,0.920500432,0.537105974,0.126589084,2.502015138,-3.662090865,21.39447511,"L_IFSp",6,"Language","Sensory",-0.712923227719855,-0.679712207229795,0.705408121776884,1.23320044939174,-0.226575904857691
"IFSa",109.7,123,0.843969621,1.271458715,1.69633,70.68250879,1.006035441,0.554732151,0.226938658,2.489731948,-2.316676317,8.494760581,"L_IFSa",7,"Frontoparietal","Transition",-0.424897684887964,-1.63647937547288,-0.0653525133689247,-1.19591252820636,-0.365383604953038
"p9-46v",127,161,3.28785268,1.267025549,1.120040132,73.61628475,1.194324835,0.600566894,0.142681653,2.529579768,-4.256697514,8.823177439,"L_p9.46v",7,"Frontoparietal","Sensory",-0.744006539511442,-4.04276022166457,-1.41298195710239,-1.86113967312347,-1.16892017768075
"46",135.65,174,0.065639252,1.209856023,1.265333588,71.90838191,1.286532142,0.366760489,0.134248012,2.564431712,0.252489273,17.59608872,"L_46",4,"Cingulo-Opercular","Transition",-0.097637154548346,-1.51964578273174,0.908530587855098,-0.0705631958312654,-0.2870687661963
"a9-46v",133.85,173,3.368475216,1.235374298,1.827765957,77.24330246,1.129305818,0.646334162,0.205342382,2.531326208,0.544144512,17.59608872,"L_a9.46v",7,"Frontoparietal","Transition",0.0214726039323103,-0.522980118747186,-0.300268534487944,-0.860834820592736,-0.200146033078011
"9-46d",126.4,159,1.092780526,1.214566152,1.210101754,69.06927565,1.193025037,0.407722029,0.173521338,2.452613574,0.224101205,9.375203453,"L_9.46d",4,"Cingulo-Opercular","Transition",-0.0577635805529638,-0.940586966574489,0.448971397667623,0.671716863358833,-0.687853946678432
"9a",123.9,152,6.040810222,1.184590363,0.689564729,65.33341769,1.110714226,0.367877214,0.151537175,2.423823962,1.758070217,1.154318187,"L_9a",9,"Default","Transition",0.157653071322389,-0.0836167490567418,0.589529512272099,-0.226398504533091,-0.500411685121256
"10v",112.2,126,6.232228937,1.161186244,0.15492898,66.82663253,0.79998972,0.026490844,0.245335099,2.78919018,6.349664275,13.1906067,"L_10v",9,"Default","Association",0.78346631755355,-1.26450298788842,-0.301197935328736,-1.14197227667685,-0.26044355313364
"a10p",125.6,157,5.018749347,1.206887326,1.080868171,68.62580817,1.028602255,0.380491177,0.115305901,2.489899886,0,9.375203453,"L_a10p",7,"Frontoparietal","Transition",0.0258441600384966,-0.292833821468996,-1.0736529581895,-1.73167119096306,0.624716776874699
"10pp",117.3,142,6.168296129,1.181535116,0.665898947,61.09550012,0.902606942,0.259340164,0.137683017,2.665759553,4.83043559,1.154318187,"L_10pp",9,"Default","Association",0.494326621000889,-0.666273338582877,-0.830381902685836,-0.9856425346463,-0.187280048538279
"11l",118.3,146,2.798269275,1.206054426,0.796601988,65.64810537,0.94295103,0.329786377,0.12499504,2.72843265,1.502592882,1.154318187,"L_11l",7,"Frontoparietal","Transition",0.314245100592663,-0.228553863722853,-0.53458523790904,-0.289903202989165,-0.159203106351507
"13l",121.1,151,2.192348179,1.242757141,-0.009298044,72.68723985,0.944828265,0.239547883,0.148860532,2.800519897,5.842276414,21.36442519,"L_13l",7,"Frontoparietal","Association",0.775752862638907,-0.960041508743579,0.130260034433486,-0.335389195404783,-0.822662369065252
"OFC",94.2,99,5.283471618,1.201062542,-0.343576939,64.81173731,0.735733458,0.222511228,0.203880046,2.300132143,7.952658629,1.154318187,"L_OFC",9,"Default","Association",1.05934974899392,-0.723167117562879,0.148579514448276,-0.383869556637385,-0.666235100186003
"47s",118.5,147,5.30868679,1.240117631,0.340813182,70.21120439,0.932187204,0.080561923,0.252995366,3.02177445,7.350967929,20.11987504,"L_47s",9,"Default","Association",1.52211158817328,0.203137162359359,0.233833516852811,-0.824506286684453,-1.25088125171922
"LIPd",96.9,101,0.688503315,1.38185499,1.186463,63.60239165,1.147588966,0.417257541,0.150435926,2.286913882,-5.575084871,-14.78618742,"L_LIPd",5,"Dorsal-attention","Sensory",-0.906645663725523,0.867497482551873,1.15381744205291,-0.722391889580251,0.974335227163178
"6a",88.5,88,-2.511655771,1.320830993,0.662160724,64.51489583,1.048199556,0.378920006,0.198211504,2.543474249,1.029335024,-34.77789916,"L_6a",5,"Dorsal-attention","Transition",0.175651434276728,0.005666575934407,-0.25299059401765,-0.155985171998885,1.87759244757401
"i6-8",126.2,158,3.970367513,1.285593665,1.354148806,68.01174716,1.089039491,0.705556389,0.128430312,2.722182601,-0.567031733,-2.727841894,"L_i6.8",7,"Frontoparietal","Transition",0.17701755564657,-0.333901770822069,0.666913800822041,-0.0639123402196115,2.10275355594186
"s6-8",128.4,163.5,4.902885716,1.218229888,0.607328519,67.71760839,1.068652687,0.731094298,0.15638809,2.779955882,1.899100756,1.154318187,"L_s6.8",7,"Frontoparietal","Transition",0.119410553220347,-1.06577099723969,-0.56897541542428,-1.07229740647647,0.897540379174008
"43",78.65,66,-3.760081185,1.292826604,0.046196749,71.64367113,0.928180581,-0.04187487,0.205366708,2.802894513,-0.680965047,-34.08867186,"L_43",4,"Cingulo-Opercular","Transition",0.0436590148551145,-0.951355540217682,0.817048528228424,-0.864463398347483,0.630708824237575
"OP4",66.55,41,-4.39661919,1.28784756,0.143087467,61.53452951,0.922921953,-0.353649362,0.15901108,2.760603558,-4.353529128,-28.17119072,"L_OP4",3,"Somatomotor","Sensory",-0.560353843412612,-0.00237446601055821,0.329297316141257,-0.113141512552638,-0.0872873481640394
"OP1",67.25,44.5,-5.048582659,1.388200479,0.598519525,56.59349116,1.084730503,-0.374806595,0.203668885,2.840295234,-0.314698219,-32.72405111,"L_OP1",3,"Somatomotor","Transition",-0.385258428937795,-0.0603877674277244,-0.530260742274362,-0.188704261930571,0.295301103664548
"OP2-3",54.95,21,-4.399528476,1.384312302,-0.378514823,51.58190979,1.059765799,-0.234063852,0.143979128,2.576788879,-6.712660481,-25.14738649,"L_OP2.3",3,"Somatomotor","Sensory",-0.640086962133862,-1.09482062698185,-1.22201870656898,-0.0024485574389392,-1.28199622582794
"52",79.35,67,-3.611160176,1.352271917,0.607215971,67.86904461,1.124874449,-0.234673338,0.400898352,2.315529002,8.927245031,-16.90169086,"L_52",8,"Auditory","Association",1.33863627629174,-0.776777023292369,-3.07681356689435,1.82047638908925,-1.57695380302591
"RI",68.9,51,-4.164934427,1.491802314,0.661123108,63.58941529,1.188714495,-0.207311391,0.188087421,2.399823028,-3.853519116,-31.10541598,"L_RI",8,"Auditory","Sensory",-1.3906912995229,-0.446405404432704,-0.538243397773398,1.11911614564749,0.1148633546618
"PFcm",87.55,86,-3.911876509,1.353567114,1.068225369,61.83235727,1.248686028,-0.219351876,0.170077027,2.635277367,0,-34.08867186,"L_PFcm",4,"Cingulo-Opercular","Transition",-1.86187393480724,-0.420130675051119,-0.853779701304491,-1.71029499338348,0.264507288227744
"PoI2",99.15,105,-3.390209756,1.204211979,0.26811286,58.33597971,1.035802527,-0.804248196,0.122523675,3.186109537,12.58438605,-17.57072187,"L_PoI2",4,"Cingulo-Opercular","Association",1.58438683674786,0.445542144606761,-0.317663523439791,-1.28436091930658,-0.653602916311965
"TA2",84.8,79,-3.261084075,1.241538011,0.917056067,65.91201498,0.91871798,-0.713185647,0.326680608,2.8479319,8.311255138,-12.9142929,"L_TA2",8,"Auditory","Association",1.05642545416849,0.0142769141995362,-0.189754887088436,0.138849296653795,-0.894002927514639
"FOP4",98.85,104,-1.606406378,1.195208965,0.748698075,62.1903077,0.848687209,-0.022885256,0.191069222,2.877854036,4.928476122,-19.05877742,"L_FOP4",4,"Cingulo-Opercular","Association",1.10526760036549,-0.709378763074439,1.16024217041274,-0.170829561530844,-0.499623996107936
"MI",112.75,131,-1.423858231,1.131935712,0.682576085,68.87010595,0.976222846,-0.195957188,0.181327053,3.197584767,11.9482365,-17.57072187,"L_MI",4,"Cingulo-Opercular","Association",1.40960632516053,0.312917501385295,0.398537176834885,-0.0756332636844324,-0.256363126795093
"Pir",71.1,56,-1.948781804,1.338153565,-0.7317833,50.62750266,0.811133669,-0.986674972,0.291657379,2.976318294,13.7770463,13.25001158,"L_Pir",12,"Orbito-Affective","Association",2.35097720644767,3.73978995946395,-0.820510375579767,-0.28280647927651,0.375698129728143
"AVI",111,125,1.761330099,1.241454364,1.026222857,66.22986704,0.981710993,0.207243162,0.215087884,2.920858605,4.211544591,-5.569497168,"L_AVI",7,"Frontoparietal","Association",0.775775555880746,-0.814643289738571,-0.740092096286925,0.338496934332738,0.000749101348627941
"AAIC",97.3,102,1.845114293,1.139097341,-0.091506554,62.53189905,0.757930813,-0.625654607,0.262094142,3.50028803,17.64887705,3.284107125,"L_AAIC",12,"Orbito-Affective","Association",1.21383121447306,0.384853406237399,-0.406662657815125,-0.316114578912666,-0.370237961998091
"FOP1",77.95,65,-3.200791201,1.23474977,0.125880735,68.2022629,0.808827451,-0.404901524,0.237883802,2.840494409,4.317659589,-32.72405111,"L_FOP1",4,"Cingulo-Opercular","Association",0.489613403815746,-0.442795655328037,-1.02830710821361,-1.28390195479173,0.228711176820419
"FOP3",92.65,95,-3.065202763,1.197741751,0.562948475,53.5509809,1.078002404,-0.236079223,0.16936966,2.658979455,8.57464494,-17.57072187,"L_FOP3",4,"Cingulo-Opercular","Association",1.35866663250273,0.0444853851977657,-1.31548652971017,-1.55101875622289,0.950146084634549
"FOP2",67.25,44.5,-4.578192727,1.253791805,-0.099836038,48.48787557,1.014354537,-0.52718754,0.179504658,2.661046286,6.710210283,-25.14738649,"L_FOP2",3,"Somatomotor","Association",0.890080292248526,-0.836754051055076,0.147777846635488,1.2038002982423,0.610362503525181
"PFt",75.8,61,-3.472942115,1.279420188,1.441313293,56.65288827,1.195283534,-0.16845039,0.324684731,2.427631752,-1.685201045,-33.22191056,"L_PFt",5,"Dorsal-attention","Transition",-0.880509381811627,-0.883112111684715,0.155061400333823,2.72399307361039,-1.56383375577344
"AIP",85.7,82.5,-2.107337847,1.346473015,1.590238017,60.70235793,1.167035672,-0.03051478,0.177133705,2.304232123,-4.723286848,-26.10286546,"L_AIP",5,"Dorsal-attention","Sensory",-0.30093562083924,0.067252845935269,0.861110297924448,-0.265023264317115,0.201400522947439
"EC",81,72.5,3.019885616,1.351163636,-0.268066019,34.39474196,0.789841575,-0.304348623,0.261666147,2.78960777,12.24699083,34.71960033,"L_EC",9,"Default","Association",2.44276631682743,1.73770412913962,0.339084212301685,0.33073562562775,1.28252031664923
"PreS",54.5,20,0.233993838,1.683598579,-1.613936875,52.44214655,0.714608803,-0.536345251,0.246324009,2.049642716,8.969873508,34.17564491,"L_PreS",9,"Default","Association",1.68388791118935,2.45487665898373,1.06193072197797,-0.752702501533865,-0.970006015078713
"H",80.45,69,0.335829962,1.082641312,-1.317298779,47.10517052,0.790415654,-0.255491071,0.274337136,2.588391016,7.052583787,37.70019495,"L_H",9,"Default","Association",1.9821584502416,3.25002016678593,0.644627709612082,-1.86218881979122,-0.261132041451087
"ProS",59.1,27,-3.588130185,1.378741358,-1.097784309,47.44688839,0.91040728,-0.482427578,0.146290737,2.174790324,1.387715347,19.42725657,"L_ProS",1,"Visual1","Transition",-0.710085404239287,0.35479372881373,-0.0590791403290124,0.814896263495306,-1.01581195699384
"PeEc",93.85,97,0.018441169,1.142642046,0.207702221,10.29175525,0.818361097,-0.325818285,0.30914287,3.230443815,14.82120267,30.65109486,"L_PeEc",11,"Ventral-Multimodal","Association",2.227234661315,0.346399225586928,-0.415107933534447,0.362654837639477,-0.208449556436458
"STGa",103.3,114.5,1.253940978,1.117855911,0.739506038,59.28514839,0.881918795,-0.465359807,0.273833236,3.299857104,10.508686,10.43580661,"L_STGa",6,"Language","Association",1.24651535439761,-0.58445773857609,-0.824695473098419,-0.516532327146423,-1.2952016473885
"PBelt",65.8,40,-3.506961968,1.49085344,1.119681928,70.04076551,0.889934982,-0.457227992,0.292880669,2.666773252,-5.648011212,-1.550323204,"L_PBelt",8,"Auditory","Sensory",-0.772421334351857,0.817234502904319,-0.884284579156253,0.285982036766551,-0.328254549321512
"A5",96.2,100,-2.095631195,1.311737442,1.310704514,71.75998138,0.819003357,-0.429129169,0.266595552,3.006775417,1.4438691,10.43580661,"L_A5",6,"Language","Transition",0.455297814988139,-0.589399065672178,0.476117869210915,0.572664676401028,-0.580784366935828
"PHA1",68.25,49,0.611933481,1.348825916,-1.795211897,54.18355826,0.644215704,-0.69332542,0.315596414,2.817200736,4.820368891,37.70019495,"L_PHA1",9,"Default","Association",0.309478278016102,2.70375982502545,0.653849773182094,0.256606367730805,-2.04456032456169
"PHA3",68.1,48,-1.304888487,1.256853034,-1.140905871,46.76369126,0.781682935,-0.518657782,0.507645106,2.696323677,6.750685521,39.14760929,"L_PHA3",5,"Dorsal-attention","Association",0.589769518543929,0.254243212212672,1.1582548381021,0.319880868153929,-0.994167953908644
"STSda",116.95,141,1.752532581,1.226788177,1.282251804,66.42506429,1.113676024,-0.27719684,0.27261994,2.783843213,5.512161902,18.15470858,"L_STSda",6,"Language","Association",0.794251862053718,-0.46770833382175,-0.157478033522383,-0.096534460374825,-0.696675749437575
"STSdp",100.5,108,1.801059984,1.337035875,1.477912575,66.62186838,1.052941416,-0.307102213,0.212089807,2.61597532,0.016242112,10.43580661,"L_STSdp",6,"Language","Transition",-0.277755979526245,-0.431215801606141,1.06445209915783,0.399032982887685,-0.521923289057948
"STSvp",120.05,150,5.8449665,1.273582117,1.4557625,66.02519157,1.037978794,-0.159739228,0.184669803,2.779958302,1.578898533,18.15470858,"L_STSvp",9,"Default","Transition",-0.125613444328894,-1.01656708468791,-0.651339692709067,1.29185871433153,-0.34551971885051
"TGd",103.05,113,4.672177798,1.08588071,0.636254677,18.54807905,0.743111394,-0.354962101,0.209340375,3.23123965,12.33187985,12.73740008,"L_TGd",9,"Default","Association",1.50138058135072,-0.469989874725402,-0.528861151842197,0.439100682838762,-0.622181009983446
"TE1a",132,169,6.412014944,1.162177715,1.574105575,58.31211114,1.097164703,0.009327711,0.312796854,3.187428833,6.895709174,29.06123426,"L_TE1a",9,"Default","Association",0.932527708641828,-0.513101814762246,0.799227079865749,0.449996192646,-0.278789641236337
"TE1p",128.6,165,5.071964629,1.232511337,1.497965198,72.61798819,1.112886155,0.054651747,0.411132885,2.958685008,2.918179683,15.57731266,"L_TE1p",7,"Frontoparietal","Association",0.210125141866229,-0.239820588769512,0.740798192775158,0.387928485089289,-0.675443305178093
"TE2a",112.5,128,4.87714166,1.186493195,1.658919718,28.66637513,1.01257583,0.094953147,0.235194552,2.859289639,7.495523468,1.154318187,"L_TE2a",9,"Default","Association",0.985553191006321,0.234300913422732,0.129999678043619,0.543486259655719,-0.532889544357028
"TF",87.65,87,0.695191273,1.218669421,0.723235966,37.44098852,0.883771724,-0.255692876,0.451150242,2.844163622,8.554819954,15.90270653,"L_TF",11,"Ventral-Multimodal","Association",1.01214906445374,-0.669815581642276,0.00779065266587228,-0.175777621674679,-1.08399799367343
"TE2p",98.3,103,-1.082771925,1.255231034,1.373939788,48.94512753,0.99927511,-0.123271655,0.237482325,2.774865854,3.8912371,19.65856784,"L_TE2p",5,"Dorsal-attention","Association",0.381189101725619,-0.252086378674662,-0.293214028542328,-0.316442354649775,-0.761503723039312
"PHT",103,112,0.804383916,1.244891291,1.167550349,69.72328382,1.080439948,-0.159291017,0.45097278,2.86651655,1.084558809,-6.369646176,"L_PHT",5,"Dorsal-attention","Transition",-0.0240379877568575,0.327986930631066,0.200661080913491,0.683309298150845,-0.874015761686377
"PH",83.8,76.5,-2.457273563,1.307442872,0.441142929,59.26929855,1.085531859,-0.117162572,0.368465952,2.663561247,-2.490676318,19.95215087,"L_PH",2,"Visual2","Transition",-0.100742169388143,0.159115380237523,-0.701823113276073,-0.154812535440606,-0.631808121013543
"TPOJ1",89.8,90,-0.665380633,1.371527394,1.173394353,68.27108647,1.065431896,-0.249854254,0.288575422,2.651012903,-1.66320225,2.789759956,"L_TPOJ1",6,"Language","Transition",-0.381376442268689,0.02235891840916,-0.354907339690365,0.620212536086614,-0.360085031404441
"TPOJ2",85.6,81,-1.964568106,1.361029927,0.972163981,67.50226559,1.093971217,-0.232858714,0.288928742,2.659339993,-0.740282664,-6.619302028,"L_TPOJ2",10,"Posterior-Multimodal","Transition",-0.452062001063915,-0.218166361158146,-0.641758471029965,0.0674973661997527,-0.0576972481383996
"TPOJ3",67.8,47,-2.25447068,1.369446062,0.301475645,60.72090799,1.049588451,-0.164516115,0.275519915,2.415416367,-1.865418477,0.12342689,"L_TPOJ3",10,"Posterior-Multimodal","Transition",-0.664466395936634,-0.75742549966901,1.04776788773549,-0.837223970281243,-0.596115435395201
"DVT",67.2,43,-2.965102392,1.371357153,-0.663336745,56.56674693,1.112586213,0.01853476,0.209667349,2.259522091,-3.119359294,1.154318187,"L_DVT",1,"Visual1","Transition",-0.970401042503148,0.517744079249754,-1.47797137457394,1.00066942648985,-0.353532380537775
"PGp",83.7,75,-1.800627972,1.287836144,0.018799178,65.7724331,1.022186815,0.014148422,0.237325028,2.594901552,-2.547903241,1.154318187,"L_PGp",5,"Dorsal-attention","Transition",-0.70106029333256,0.119649436306961,0.0960286598045069,-1.04008202288191,0.223781034955502
"IP2",102.9,111,3.234819382,1.335194293,1.698021348,62.68208676,1.087021871,0.293256109,0.153393316,2.39288393,-3.490640461,-14.40265275,"L_IP2",7,"Frontoparietal","Sensory",-0.625061626050291,-0.617602013187376,-0.0823250991640453,-0.856617026607927,0.447136936308697
"IP1",85.4,80,4.382447613,1.33665472,0.08748776,67.18216489,1.07183952,0.340444504,0.239065848,2.397877029,-6.769001467,-12.92958539,"L_IP1",7,"Frontoparietal","Sensory",-1.17237647442601,-0.856853426904505,-1.01153346023532,0.198055926879036,0.500561661708475
"IP0",72.55,58,-1.770149876,1.350786588,-0.307874256,63.62537224,1.048083917,0.174955939,0.2828917,2.394448028,-5.648085802,3.705587214,"L_IP0",5,"Dorsal-attention","Sensory",-1.35597554689244,0.605949501918266,1.08163541583999,-1.29658430037378,0.107863845005175
"PFop",83.8,76.5,-3.32019853,1.250734426,0.926619231,61.11534159,1.118851221,-0.302316282,0.247962198,2.734286534,-0.112008517,-51.29938319,"L_PFop",4,"Cingulo-Opercular","Transition",0.393537560696392,1.27815504017888,-0.151231352939837,0.285720864050577,1.06950871113826
"PF",100.3,107,-0.920500765,1.2410465,1.685622395,64.56356668,1.207372067,0.000531514,0.299047642,2.642897565,-1.579462086,-25.0725325,"L_PF",4,"Cingulo-Opercular","Transition",-0.283146711891219,-0.635615518553734,0.667851889918132,0.539321939360379,-0.245372639817363
"PFm",113.8,135,5.08119923,1.259546531,1.444855596,67.00386205,1.09086334,0.309384347,0.223038558,2.602183364,-2.729687753,1.154318187,"L_PFm",7,"Frontoparietal","Transition",-0.19155526776772,-0.176467432129295,1.48475632613805,0.716959326582174,-0.344473571556633
"PGi",112.3,127,5.483263497,1.291881994,1.191182476,62.42764979,1.185287289,-0.037329602,0.228460764,2.58582635,-2.631164795,25.18981531,"L_PGi",9,"Default","Transition",-0.0874346123646718,-0.28083244073237,-0.395378221254078,0.934132402525263,0.544971626051443
"PGs",112.9,133,5.609616118,1.265234659,0.472941951,64.64232677,1.082122857,0.291931956,0.196498881,2.600558084,-3.38737553,30.98732056,"L_PGs",9,"Default","Transition",-0.501178870251035,0.402565042545857,0.529243803341702,-0.839859948977135,0.183565899909594
"V6A",49.9,17.5,-4.49763059,1.408173818,-0.789117043,57.77490635,1.014914757,0.076710142,0.250681281,2.304334384,-8.413615478,1.154318187,"L_V6A",2,"Visual2","Sensory",-1.73193744710615,1.71303887954743,4.3274957795257,-0.687363856481213,-0.419392630407092
"VMV1",29.1,1,-4.085146678,1.447373239,-1.421649034,55.00892224,0.70943945,-0.67838655,0.337135069,2.528288586,-8.878133588,1.154318187,"L_VMV1",2,"Visual2","Sensory",-1.20471161791948,1.03704129251378,0.279421759982695,0.624362296861298,-2.98663984784695
"VMV3",44.45,6,-4.182953588,1.408844262,-1.636387234,48.44093692,1.051023643,-0.553850783,0.441934848,2.542325215,-3.391226939,16.38000802,"L_VMV3",2,"Visual2","Transition",0.251835130983772,1.28368659274241,-0.567714643941916,-0.384935837476933,-0.164777081200964
"PHA2",73.5,60,1.759019416,1.201132608,-1.852256711,53.64601668,0.762089717,-0.373205558,0.313079952,2.349726632,8.500017191,39.38183969,"L_PHA2",9,"Default","Association",1.81011628617208,0.695366569254889,0.75043558043846,-1.89840165602594,-1.39959847809207
"V4t",64.1,35,-4.179660359,1.407068589,-0.204359822,61.6575863,1.131989469,0.101190837,0.282416644,2.528893863,-9.185468779,-1.81986245,"L_V4t",2,"Visual2","Sensory",-0.766710835483052,-0.856324719014945,-3.42851134662645,1.16438184441947,0.137412377335337
"FST",76.7,64,-3.677573887,1.331422081,0.783696041,62.91054965,1.164936385,-0.122113513,0.365022245,2.530596278,-2.995992205,-13.68927506,"L_FST",2,"Visual2","Transition",-0.662212363895743,0.760767339555664,-0.399799104472705,0.202897283078718,-0.432384210134041
"V3CD",63.65,34,-4.078135837,1.400465973,-0.344997882,66.73651522,1.083950303,0.026406762,0.411511787,2.341945138,-5.926465513,3.705587214,"L_V3CD",2,"Visual2","Sensory",-1.09321476113572,0.754327933008922,-0.17613275936741,-0.376297662256719,-0.132145086989587
"LO3",66.85,42,-4.187124501,1.385907618,-0.03262373,65.70121729,1.133490038,-0.146145846,0.335574027,2.482075593,-6.521492085,4.584548859,"L_LO3",2,"Visual2","Sensory",-1.20287740143438,1.77852769807012,0.198716504638011,-0.0858595673712312,0.346867213515137
"VMV2",45.2,8,-3.952094878,1.36049154,-1.627810714,45.54758294,0.861021648,-0.38278688,0.266794567,2.347320051,-4.254045113,33.17329796,"L_VMV2",2,"Visual2","Sensory",-0.247951461815667,0.33339670083651,0.0701120711227279,1.63179380425509,-0.991891319819037
"31pd",107.7,122,6.013604996,1.326330109,-0.273525188,61.71894427,1.186371242,0.05489966,0.124771469,2.384403459,-5.566466667,34.72041062,"L_31pd",9,"Default","Sensory",-0.182617176682209,0.24832283535586,-0.71307344751566,-1.23705497436849,0.565861155144623
"31a",102,110,3.795319251,1.269515066,0.11283428,72.24241001,0.983800198,0.193301938,0.242151473,2.811913824,-0.435847829,1.154318187,"L_31a",9,"Default","Transition",0.00176466960955092,0.171991048274816,2.0763167984002,0.490295449331267,-0.608798091365364
"VVC",65.1,37,-3.533770178,1.408629054,-0.934876339,55.30107758,0.957603517,-0.600136546,0.405148564,2.953213578,1.746462522,30.07846173,"L_VVC",2,"Visual2","Transition",-0.566715825949412,1.18310742868868,-0.0783876046044384,0.0681248543620752,-2.60644445311619
"25",112.7,130,5.155428263,1.139285529,-0.24892158,57.5224892,0.999977984,-0.11981911,0.178541851,3.018216197,13.54135208,5.599411491,"L_25",9,"Default","Association",1.99670136116652,0.421211025234129,0.583672465108981,0.989597848681807,-1.57989050567067
"s32",117.8,143,5.769977342,1.162505936,0.215129498,59.09151156,1.099788931,0.00221702,0.238471231,2.770885727,10.6519406,10.56063722,"L_s32",9,"Default","Association",1.03157239858736,-2.03460459186464,-0.352421459107791,-0.368146766633912,-1.27533521586807
"pOFC",90,91,1.713749749,1.329373369,-1.00480625,65.27942063,0.849434124,-0.033589439,0.268840412,2.866434645,11.75920589,3.963104862,"L_pOFC",12,"Orbito-Affective","Association",2.00116000303159,0.212214090128,1.05194335069909,-0.702726587355663,-0.777213492235259
"PoI1",93.95,98,-2.91846941,1.21180802,0.448329025,60.44426456,1.079715817,-0.517067062,0.208367224,3.088810432,5.857389294,-19.05877742,"L_PoI1",4,"Cingulo-Opercular","Association",1.14209765570617,2.07493011875714,0.548377798520963,-1.05875165708196,-0.727468842948368
"Ig",60.25,29,-4.458592158,1.355237631,-0.211609697,56.38135109,1.098747653,-0.280549609,0.252850878,2.740413761,-4.126468368,-17.57072187,"L_Ig",3,"Somatomotor","Sensory",0.0475427223075723,0.105748634414524,0.0653780362245329,-0.485992434702613,-0.788918841501132
"FOP5",106.6,121,-0.728036691,1.285888593,1.110126531,61.37558807,1.016782917,0.240194838,0.169795315,2.63713041,0.579515412,8.494760581,"L_FOP5",4,"Cingulo-Opercular","Transition",0.858379509647151,0.78461747265031,0.0130831531444963,0.466945994927774,0.719876129479852
"p10p",131.5,168,5.336611117,1.231982815,0.871258111,71.9496323,1.124150384,0.475460712,0.10748694,2.402629541,-0.080495659,9.375203453,"L_p10p",7,"Frontoparietal","Transition",0.0418718196698522,-0.0273529682155863,-0.582182845124261,-2.61194334743057,0.266439656782279
"p47r",127.7,162,4.414513031,1.224398648,1.996953763,73.79562038,1.054534125,0.565104342,0.183056859,2.470637251,0.664919782,8.494760581,"L_p47r",7,"Frontoparietal","Transition",0.0386451866640364,-0.393296636241333,0.212491885548286,-0.503171241145922,0.19452718160996
"TGv",91,92,1.739691376,1.109979439,0.941369396,0,0.656533633,-0.422950665,0.287618894,3.219452412,9.492470645,1.154318187,"L_TGv",6,"Language","Association",1.0329778405271,-0.638629490739762,0.258135491136224,-0.0147509072222387,-0.978157076481905
"MBelt",65.25,38,-3.694734641,1.565297733,0.727956869,76.16210118,1.071237794,-0.355566556,0.335707071,2.579992833,-7.478037913,-16.90169086,"L_MBelt",8,"Auditory","Sensory",-0.548251966861178,0.564429873799282,-0.175882018028341,0.307795516122318,-0.515448507037635
"LBelt",70.4,55,-3.719646271,1.636360876,0.6675903,75.3906414,0.98918724,-0.239669963,0.255649071,2.546377606,-7.021736357,8.597739515,"L_LBelt",8,"Auditory","Sensory",-0.831210092179323,2.37299147204862,-2.2728901046741,-0.332725248801243,1.10833164836193
"A4",80.9,71,-3.174424076,1.376964225,1.207577054,72.04823804,0.772044339,-0.429051835,0.254046222,3.021421703,-2.110559406,-1.239243146,"L_A4",8,"Auditory","Transition",-0.204879788667868,-0.239915451745866,1.09066051953481,-0.612262310027267,-0.244451912540144
"STSva",117.9,144,5.499971373,1.214705353,1.386545,60.30758635,1.156764294,-0.162907959,0.365629631,2.687176652,6.168448666,25.09704627,"L_STSva",9,"Default","Association",0.35704038383444,0.0745675999985806,-1.72038440190192,0.551880698657562,0.191732156154468
"TE1m",144.6,180,6.189741344,1.233948303,1.721962112,75.75147168,1.159269333,0.167972779,0.160403817,2.946130345,4.893962328,1.154318187,"L_TE1m",9,"Default","Association",0.581510745694913,-0.886122592934831,-0.108248403488778,0.0421644686467179,-0.422621624321957
"PI",91.7,93,-2.418285143,1.143459586,0.137755764,56.81292978,0.999567741,-0.611478992,0.12726249,2.555742351,9.929250959,1.154318187,"L_PI",4,"Cingulo-Opercular","Association",1.43854287750901,0.316288547975928,-1.53782644705272,0.975278442533885,-0.625435209255228
"a32pr",116.8,140,0.653818695,1.186347634,1.220728079,52.14133396,1.042202854,0.28204926,0.166255,2.927971938,7.240792347,-0.694379382,"L_a32pr",4,"Cingulo-Opercular","Association",1.9337182167419,-0.0573980884869506,-1.55763594377874,-1.2252741392309,-0.283610187229948
"p24",119,148,0.449938149,1.060037589,1.035542241,58.75703905,1.01939444,-0.190734075,0.146750758,3.182908375,15.79045151,-0.664599996,"L_p24",4,"Cingulo-Opercular","Association",1.40020936304626,-0.532523793167992,-1.43586613056165,0.333776832907203,0.377246942066839
